Temp,W%
1,60.0
3,80.0
6,33.33333333333333
8,20.0
9,75.0
13,0.0
14,60.0
21,33.33333333333333
21,66.66666666666666
26,50.0
26,62.5
27,33.33333333333333
